Market_ID,TV_Spend_k,Radio_Spend_k,Newspaper_Spend_k,Sales_k_units
0,233.3,38.9,30.2,24.44
1,134.5,48.6,91.8,19.56
2,258.3,25.0,78.1,21.62
3,210.7,7.2,11.1,11.52
4,32.8,0.7,99.7,4.46
5,292.8,11.5,87.9,19.56
6,229.5,6.6,28.4,14.42
7,236.9,33.9,83.7,22.91
8,42.8,6.1,10.6,10.8
9,137.9,25.3,99.9,13.83
10,114.4,34.7,66.6,15.04
11,278.4,29.1,65.0,23.06
12,194.9,10.0,9.0,17.77
13,247.7,40.2,89.7,21.51
14,135.8,35.8,2.9,17.81
15,72.0,36.9,24.1,17.72
16,168.6,6.6,14.3,10.72
17,23.8,6.2,77.7,4.85
18,249.2,46.4,19.8,23.89
19,191.3,19.9,91.1,16.24
20,228.6,15.0,65.6,19.08
21,109.6,24.4,3.6,14.47
22,291.4,33.1,0.5,21.07
23,268.5,47.8,5.2,26.49
24,234.6,14.3,60.6,16.98
25,62.4,46.2,80.1,18.29
26,142.7,1.2,23.9,10.2
27,17.9,27.8,84.9,9.73
28,50.5,31.7,5.7,13.67
29,206.5,5.3,80.1,16.18
30,224.7,7.0,92.8,16.85
31,290.4,21.0,77.2,19.01
32,101.1,48.3,69.8,19.23
33,114.3,29.8,83.8,13.82
34,143.5,46.7,4.0,20.21
35,60.9,40.2,20.2,12.64
36,43.3,23.4,12.5,11.63
37,145.3,39.2,50.5,17.31
38,71.9,0.9,74.5,6.0
39,202.6,5.5,63.0,15.92
40,134.0,41.5,85.1,18.96
41,250.6,39.8,15.5,22.4
42,211.6,11.6,73.5,18.7
43,97.1,26.5,19.3,13.25
44,250.5,30.3,27.1,21.64
45,242.4,43.4,71.0,24.22
46,119.3,30.2,98.0,14.8
47,90.1,20.6,61.2,13.35
48,206.3,18.7,5.5,16.5
49,46.2,21.3,61.6,10.09
50,64.0,32.6,4.2,15.76
51,7.2,43.4,88.4,11.58
52,237.1,22.7,71.0,15.76
53,201.1,12.4,17.3,18.52
54,213.0,11.8,9.2,20.43
55,235.3,37.3,18.4,21.56
56,140.4,40.8,98.0,15.67
57,172.8,5.3,45.9,12.87
58,46.2,3.3,78.4,6.91
59,38.8,29.7,63.6,11.72
60,202.2,7.3,57.2,13.32
61,144.0,41.2,14.5,19.77
62,171.7,15.5,94.6,16.21
63,230.7,7.2,30.1,13.92
64,192.2,46.0,57.8,23.13
65,168.3,8.3,70.0,17.07
66,170.0,14.2,64.9,15.26
67,94.7,7.7,94.1,9.87
68,14.1,5.8,14.8,6.03
69,133.8,1.1,50.8,11.81
70,68.3,2.8,40.4,5.41
71,125.5,8.7,47.4,12.17
72,256.8,2.7,11.9,15.96
73,74.0,29.6,13.4,16.43
74,22.2,34.0,27.8,11.74
75,88.0,19.7,30.5,14.93
76,91.6,15.9,42.8,9.96
77,200.3,25.2,61.1,19.37
78,169.3,43.8,63.5,21.07
79,236.2,42.6,41.2,21.91
80,201.0,2.2,40.9,14.32
81,124.9,9.1,21.8,13.83
82,245.1,11.8,58.8,17.38
83,54.3,12.5,31.7,6.67
84,11.7,28.6,3.6,10.43
85,31.6,20.8,41.8,8.51
86,218.1,2.5,47.4,14.33
87,141.3,18.7,22.6,14.32
88,52.6,26.2,57.2,9.23
89,152.8,5.1,56.6,9.87
90,49.9,41.7,70.2,15.58
91,210.4,2.6,64.8,13.76
92,136.6,46.2,65.2,15.46
93,117.4,5.0,31.6,12.04
94,93.9,42.2,78.7,17.33
95,190.9,45.1,54.9,20.63
96,111.7,49.0,43.1,16.81
97,30.9,40.1,62.6,14.97
98,39.8,39.0,36.1,14.33
99,288.8,32.1,51.3,27.51
100,273.0,38.9,73.7,25.01
101,211.4,6.7,88.6,16.09
102,83.4,26.8,92.1,13.26
103,290.9,25.7,50.4,23.88
104,234.7,42.9,52.0,24.31
105,216.5,23.1,80.0,20.8
106,137.6,19.3,31.4,13.58
107,85.3,32.0,83.7,13.89
108,33.4,13.3,49.4,7.87
109,271.3,7.0,11.6,19.32
110,139.5,23.9,7.2,17.73
111,64.7,20.8,84.2,10.81
112,95.3,11.6,5.6,10.33
113,175.9,18.4,28.1,16.46
114,57.1,18.3,33.4,10.23
115,257.7,16.4,17.3,20.77
116,228.8,19.0,31.4,14.86
117,217.2,34.3,74.3,19.62
118,132.5,14.8,1.5,12.03
119,190.1,47.4,82.7,18.52
120,177.3,45.8,85.7,19.81
121,196.7,24.0,37.2,16.53
122,29.9,16.4,15.4,8.67
123,127.7,26.8,60.1,17.23
124,17.3,42.4,12.0,12.97
125,150.7,32.6,36.5,15.91
126,102.3,40.2,95.8,16.85
127,47.6,26.6,99.5,13.58
128,35.5,31.6,77.2,10.7
129,178.4,14.4,31.1,13.87
130,55.3,36.7,68.8,15.0
131,277.9,10.1,70.5,18.72
132,176.4,34.7,38.8,20.15
133,107.3,43.0,64.1,17.61
134,179.3,6.6,1.1,14.95
135,11.7,30.7,20.9,9.25
136,287.8,4.8,52.5,18.44
137,147.3,36.3,16.4,17.72
138,235.9,4.2,16.6,14.01
139,29.4,46.8,83.6,12.38
140,148.6,6.9,98.9,13.79
141,149.8,47.9,55.6,19.9
142,281.7,40.0,83.9,23.32
143,173.7,29.7,99.0,18.0
144,144.7,39.1,14.2,20.28
145,83.8,39.8,44.8,12.26
146,102.8,47.3,39.3,15.8
147,158.6,12.7,8.0,12.58
148,134.5,29.5,75.5,18.65
149,11.4,4.8,43.4,6.45
150,248.8,30.8,46.9,22.87
151,269.4,8.6,15.1,16.45
152,46.4,28.2,18.1,10.2
153,168.4,28.6,90.7,18.42
154,37.0,23.3,4.5,10.7
155,203.3,26.1,23.3,19.54
156,88.0,38.2,29.2,15.47
157,199.5,40.0,49.0,21.61
158,219.5,24.6,58.6,19.42
159,231.8,30.0,49.3,21.97
160,36.8,46.6,8.4,16.31
161,275.2,6.0,24.4,15.48
162,72.9,5.9,84.4,5.47
163,16.0,4.4,63.8,7.79
164,168.7,32.9,64.9,20.37
165,114.4,20.9,67.0,12.13
166,249.8,38.7,76.3,20.27
167,243.4,33.6,5.8,22.0
168,98.6,16.7,36.7,13.67
169,286.1,44.9,54.0,28.89
170,90.8,38.1,33.8,16.72
171,156.9,13.5,84.4,13.71
172,80.5,18.2,48.3,10.25
173,281.1,15.7,76.9,20.31
174,53.6,7.9,85.2,8.1
175,18.2,7.4,50.5,5.2
176,133.4,46.8,91.0,22.85
177,297.8,21.9,58.7,25.03
178,268.0,19.2,85.0,22.19
179,225.8,36.5,34.1,20.19
180,267.8,27.6,49.9,23.27
181,268.6,46.8,53.1,26.61
182,158.1,39.0,10.5,19.75
183,98.2,24.0,39.9,15.55
184,232.7,18.8,91.7,19.75
185,200.2,49.3,63.1,24.19
186,115.2,35.9,17.8,17.56
187,32.9,47.6,33.9,15.63
188,225.3,5.9,19.2,12.95
189,82.4,42.5,2.5,16.43
190,281.4,31.9,92.7,22.51
191,76.1,6.1,44.8,7.12
192,41.2,29.4,30.8,14.7
193,250.2,34.3,59.8,25.16
194,50.2,0.6,0.7,9.05
195,57.9,22.7,27.8,11.88
196,181.8,41.3,70.3,22.82
197,263.0,14.8,63.4,19.29
198,62.9,22.9,98.2,12.21
199,96.5,22.1,62.0,11.42
